<?xml version="1.0" encoding="UTF-8"?>
<project-private xmlns="http://www.netbeans.org/ns/project-private/1">
    <editor-bookmarks xmlns="http://www.netbeans.org/ns/editor-bookmarks/2" lastBookmarkId="0"/>
    <open-files xmlns="http://www.netbeans.org/ns/projectui-open-files/2">
        <group>
            <file>file:/C:/Users/Asus/Desktop/PacMan-Game-using-Java-master/PacMan/src/PacMan/entities/creature/Player.java</file>
            <file>file:/C:/Users/Asus/Desktop/PacMan-Game-using-Java-master/PacMan/src/PacMan/entities/EntityManager.java</file>
            <file>file:/C:/Users/Asus/Desktop/PacMan-Game-using-Java-master/PacMan/src/PacMan/input/MouseManager.java</file>
            <file>file:/C:/Users/Asus/Desktop/PacMan-Game-using-Java-master/PacMan/src/res/worlds/world4.txt</file>
            <file>file:/C:/Users/Asus/Desktop/PacMan-Game-using-Java-master/PacMan/src/PacMan/tiles/BackgroundTile.java</file>
            <file>file:/C:/Users/Asus/Desktop/PacMan-Game-using-Java-master/PacMan/src/PacMan/entities/creature/creature.java</file>
            <file>file:/C:/Users/Asus/Desktop/PacMan-Game-using-Java-master/PacMan/src/PacMan/Launcher.java</file>
            <file>file:/C:/Users/Asus/Desktop/PacMan-Game-using-Java-master/PacMan/src/PacMan/tiles/Tile.java</file>
            <file>file:/C:/Users/Asus/Desktop/PacMan-Game-using-Java-master/PacMan/src/PacMan/display/Display.java</file>
            <file>file:/C:/Users/Asus/Desktop/PacMan-Game-using-Java-master/PacMan/src/PacMan/worlds/World.java</file>
            <file>file:/C:/Users/Asus/Desktop/PacMan-Game-using-Java-master/PacMan/src/PacMan/gfx/SpriteSheet.java</file>
            <file>file:/C:/Users/Asus/Desktop/PacMan-Game-using-Java-master/PacMan/src/PacMan/states/MenuState.java</file>
            <file>file:/C:/Users/Asus/Desktop/PacMan-Game-using-Java-master/PacMan/src/PacMan/entities/statics/StaticEntities.java</file>
            <file>file:/C:/Users/Asus/Desktop/PacMan-Game-using-Java-master/PacMan/src/res/worlds/world3.txt</file>
            <file>file:/C:/Users/Asus/Desktop/PacMan-Game-using-Java-master/PacMan/src/PacMan/entities/creature/BeastUp.java</file>
            <file>file:/C:/Users/Asus/Desktop/PacMan-Game-using-Java-master/PacMan/src/PacMan/gfx/Animations.java</file>
            <file>file:/C:/Users/Asus/Desktop/PacMan-Game-using-Java-master/PacMan/src/PacMan/gfx/ImageLoader.java</file>
            <file>file:/C:/Users/Asus/Desktop/PacMan-Game-using-Java-master/PacMan/src/PacMan/entities/statics/Food.java</file>
            <file>file:/C:/Users/Asus/Desktop/PacMan-Game-using-Java-master/PacMan/src/PacMan/entities/creature/Beast.java</file>
            <file>file:/C:/Users/Asus/Desktop/PacMan-Game-using-Java-master/PacMan/src/PacMan/worlds/WorldManager.java</file>
            <file>file:/C:/Users/Asus/Desktop/PacMan-Game-using-Java-master/PacMan/src/res/worlds/world2.txt</file>
            <file>file:/C:/Users/Asus/Desktop/PacMan-Game-using-Java-master/PacMan/src/PacMan/utils/Utils.java</file>
            <file>file:/C:/Users/Asus/Desktop/PacMan-Game-using-Java-master/PacMan/src/PacMan/Game.java</file>
            <file>file:/C:/Users/Asus/Desktop/PacMan-Game-using-Java-master/PacMan/src/PacMan/input/KeyManager.java</file>
            <file>file:/C:/Users/Asus/Desktop/PacMan-Game-using-Java-master/PacMan/src/PacMan/gfx/GameCamera.java</file>
            <file>file:/C:/Users/Asus/Desktop/PacMan-Game-using-Java-master/PacMan/src/PacMan/states/GameState.java</file>
            <file>file:/C:/Users/Asus/Desktop/PacMan-Game-using-Java-master/PacMan/src/PacMan/entities/Entity.java</file>
            <file>file:/C:/Users/Asus/Desktop/PacMan-Game-using-Java-master/PacMan/src/PacMan/Handler.java</file>
            <file>file:/C:/Users/Asus/Desktop/PacMan-Game-using-Java-master/PacMan/src/PacMan/gfx/Assets.java</file>
            <file>file:/C:/Users/Asus/Desktop/PacMan-Game-using-Java-master/PacMan/src/PacMan/tiles/RockTile.java</file>
            <file>file:/C:/Users/Asus/Desktop/PacMan-Game-using-Java-master/PacMan/src/res/worlds/world1.txt</file>
        </group>
    </open-files>
</project-private>
